{"count":1,"self":2.531144,"total":5.145313,"children":{"InitializeActuators":{"count":1,"self":0.001352,"total":0.001352,"children":null},"InitializeSensors":{"count":1,"self":0.0016029999999999998,"total":0.0016029999999999998,"children":null},"AgentSendState":{"count":226,"self":0.0029879999999999998,"total":0.513108,"children":{"CollectObservations":{"count":226,"self":0.493818,"total":0.493818,"children":null},"WriteActionMask":{"count":226,"self":0.00033299999999999996,"total":0.00033299999999999996,"children":null},"RequestDecision":{"count":226,"self":0.008464,"total":0.015969,"children":{"AgentInfo.ToProto":{"count":226,"self":0.0015899999999999998,"total":0.0075049999999999995,"children":{"GenerateSensorData":{"count":226,"self":0.005915,"total":0.005915,"children":null}}}}}}},"DecideAction":{"count":226,"self":2.0960039999999998,"total":2.0960039999999998,"children":null},"AgentAct":{"count":226,"self":0.0011409999999999999,"total":0.0011409999999999999,"children":null}},"gauges":{},"metadata":{"timer_format_version":"0.1.0","start_time_seconds":"1742400748","unity_version":"6000.0.34f1","command_line_arguments":"\/home\/quentin\/Unity\/Hub\/Editor\/6000.0.34f1\/Editor\/Unity -projectpath \/home\/quentin\/work\/RacingSimulator\/RacingSimulator -useHub -hubIPC -cloudEnvironment production","communication_protocol_version":"1.5.0","com.unity.ml-agents_version":"3.0.0","scene_name":"RacingSimulator","end_time_seconds":"1742400753"}}